Title,Author,Publisher,Price
Not Available,Not Available,Not Available,Not Available
Not Available,Not Available,Not Available,Not Available
Not Available,Not Available,Not Available,Not Available
Not Available,Not Available,Not Available,Not Available
Not Available,Not Available,Not Available,Not Available
Not Available,Not Available,Not Available,Not Available
Not Available,Not Available,Not Available,Not Available
Not Available,Not Available,Not Available,Not Available
Not Available,Not Available,Not Available,Not Available
Not Available,Not Available,Not Available,Not Available
Not Available,Not Available,Not Available,Not Available
Not Available,Not Available,Not Available,Not Available
Not Available,Not Available,Not Available,Not Available
Not Available,Not Available,Not Available,Not Available
Not Available,Not Available,Not Available,Not Available
Not Available,Not Available,Not Available,Not Available
Not Available,Not Available,Not Available,Not Available
Not Available,Not Available,Not Available,Not Available
Not Available,Not Available,Not Available,Not Available
Not Available,Not Available,Not Available,Not Available
